longitude,latitude,intensity
55.0,34.0,30.374060871950576
55.0,34.1,31.249262008696874
55.0,34.2,33.05131436163874
55.0,34.3,33.57885654369266
55.0,34.4,35.38425160982238
55.0,34.5,37.403044385861755
55.0,34.6,37.66503578623331
55.0,34.7,37.8720447289844
55.0,34.8,37.8720447289844
55.0,35.1,36.98590813851597
55.0,35.4,36.28606950439378
55.0,35.5,36.33767170232285
55.0,35.6,36.33767170232285
55.0,35.7,36.01870463851101
55.0,35.8,35.879113158655585
55.0,35.9,35.36470409883766
55.0,36.3,32.58712985516829
55.0,36.6,30.90379753996069
55.0,36.8,27.845601571674212
55.0,37.0,25.334014944333084
55.1,34.1,31.937277848367106
55.1,34.3,34.32145299307915
55.1,34.5,38.213193411594965
55.1,34.6,38.475184811966514
55.1,34.7,38.68219375471761
55.1,34.8,38.68219375471761
55.1,34.9,38.68219375471761
55.1,35.0,38.68219375471761
55.1,35.2,36.58607245607864
55.1,35.3,36.54876091507401
55.1,35.4,36.3434115043673
55.1,35.6,36.395013702296374
55.1,35.7,36.166375305194485
55.1,35.8,36.02678382533906
55.1,35.9,35.71410457155112
55.1,36.1,33.5352307134637
55.1,36.3,33.397081177276625
55.1,36.4,32.289372994324125
55.1,36.5,31.713748862068996
55.1,36.6,31.65288787041204
55.1,36.7,29.51995652396813
55.1,36.8,28.556583781603997
55.1,36.9,26.94891824398158
55.1,37.0,26.000671650438232
55.2,34.0,31.404193578950164
55.2,34.2,34.13602767835458
55.2,34.3,34.663569860408515
55.2,34.5,38.555310278924324
55.2,34.6,38.81730167929587
55.2,34.7,39.02431062204697
55.2,34.8,39.02431062204697
55.2,34.9,39.02431062204697
55.2,35.0,39.02431062204697
55.2,35.2,36.84499929311935
55.2,35.3,36.807687752114724
55.2,35.4,36.602338341408014
55.2,35.5,36.653940539337086
55.2,35.6,36.653940539337086
55.2,35.7,36.425302142235196
55.2,35.8,36.28571066237977
55.2,35.9,35.97303140859183
55.2,36.0,35.180843044386556
55.2,36.1,33.986753470576865
55.2,36.2,33.84860393438979
55.2,36.3,33.84860393438979
55.2,36.4,32.86845912807391
55.2,36.5,32.29283499581879
55.2,36.6,32.231974004161835
55.2,36.7,30.099042657717902
55.2,36.9,27.00847998557153
55.3,34.0,33.0648907152587
55.3,34.1,33.94009185200499
55.3,34.2,35.79672481466311
55.3,34.3,36.32426699671703
55.3,34.5,40.216007415232845
55.3,34.6,40.477998815604394
55.3,34.7,40.68500775835549
55.3,34.8,40.68500775835549
55.3,34.9,40.68500775835549
55.3,35.0,40.68500775835549
55.3,35.2,38.50569642942787
55.3,35.3,38.468384888423245
55.3,35.4,38.263035477716535
55.3,35.5,38.314637675645606
55.3,35.6,38.314637675645606
55.3,35.8,37.94640779868829
55.3,36.0,36.84154018069508
55.3,36.1,36.28201790709702
55.3,36.2,36.14386837090995
55.3,36.3,36.14386837090995
55.3,36.4,35.163723564594065
55.3,36.5,34.58809943233894
55.3,36.6,34.52723844068199
55.3,36.7,31.876293058981936
55.3,36.8,30.541735621496727
55.3,37.0,27.480255989754422
55.4,34.0,34.85839903317263
55.4,34.1,35.73360016991892
55.4,34.2,37.59023313257704
55.4,34.3,38.11777531463096
55.4,34.4,39.284147604778966
55.4,34.5,41.30294038081834
55.4,34.6,41.56493178118989
55.4,34.7,41.771940723940986
55.4,34.8,42.17131120013683
55.4,35.0,42.17131120013683
55.4,35.2,39.38477292510317
55.4,35.3,39.347461384098544
55.4,35.4,39.142111973391835
55.4,35.6,39.193714171320906
55.4,35.8,38.82548429436359
55.4,35.9,38.82548429436359
55.4,36.0,38.49942545704722
55.4,36.1,37.93990318344916
55.4,36.3,37.80175364726209
55.4,36.4,36.93161952188216
55.4,36.5,36.13683136943352
55.4,36.6,35.645072524711516
55.4,36.7,32.994127143011475
55.4,36.8,31.65956970552626
55.4,36.9,29.647083913644
55.4,37.0,28.598090073783933
55.5,34.0,34.75086834218967
55.5,34.1,35.8852617305517
55.5,34.2,37.741894693209815
55.5,34.3,38.269436875263736
55.5,34.4,39.43580916541174
55.5,34.5,41.454601941451116
55.5,34.6,41.716593341822666
55.5,34.7,41.92360228457376
55.5,34.8,42.3229727607696
55.5,34.9,42.3229727607696
55.5,35.0,42.3229727607696
55.5,35.1,40.50087555646317
55.5,35.2,39.536434485735946
55.5,35.3,39.49912294473132
55.5,35.5,39.34537573195368
55.5,35.7,39.11673733485179
55.5,35.8,38.977145854996365
55.5,35.9,38.977145854996365
55.5,36.2,37.953415207894864
55.5,36.3,37.953415207894864
55.5,36.4,37.08328108251494
55.5,36.5,36.2884929300663
55.5,36.6,35.79673408534429
55.5,36.8,31.65956970552626
55.5,37.0,28.598090073783933
55.6,34.0,33.920703876688755
55.6,34.1,34.996315889696994
55.6,34.2,38.1253123775949
55.6,34.3,38.65285455964882
55.6,34.4,39.81922684979683
55.6,34.5,41.8380196258362
55.6,34.6,42.10001102620775
55.6,34.7,42.30701996895885
55.6,34.8,42.70639044515469
55.6,34.9,42.70639044515469
55.6,35.0,42.70639044515469
55.6,35.1,40.50087555646317
55.6,35.2,39.536434485735946
55.6,35.3,39.49912294473132
55.6,35.4,39.29377353402461
55.6,35.5,39.34537573195368
55.6,35.6,39.34537573195368
55.6,35.7,39.11673733485179
55.6,35.8,38.977145854996365
55.6,36.0,38.65108701767999
55.6,36.1,38.091564744081936
55.6,36.2,37.953415207894864
55.6,36.3,37.953415207894864
55.6,36.4,37.08328108251494
55.6,36.5,36.2884929300663
55.6,36.7,33.03607820146305
55.6,36.8,31.65956970552626
55.6,37.0,28.448117072529428
55.7,34.0,35.458836958392205
55.7,34.1,36.534448971400444
55.7,34.2,39.66344545929835
55.7,34.4,41.4662166191623
55.7,34.6,43.74700079557323
55.7,34.7,43.74700079557323
55.7,34.8,44.14637127176907
55.7,35.0,44.14637127176907
55.7,35.1,41.84545903160011
55.7,35.2,40.88101796087288
55.7,35.3,40.843706419868255
55.7,35.4,40.638357009161545
55.7,35.5,40.68995920709062
55.7,35.6,40.68995920709062
55.7,35.7,40.46132080998873
55.7,35.8,40.3217293301333
55.7,35.9,40.3217293301333
55.7,36.0,40.3217293301333
55.7,36.1,39.97550415794044
55.7,36.4,38.96722049637344
55.7,36.6,37.221672883125805
55.7,36.7,34.46101699924456
55.7,36.8,33.4135611632242
55.7,36.9,31.40107537134195
55.7,37.0,30.241212951595564
55.8,34.1,36.734484515654266
55.8,34.2,39.8847024788539
55.8,34.4,41.687473638717854
55.8,34.5,43.70626641475723
55.8,34.6,43.96825781512878
55.8,34.7,43.96825781512878
55.8,34.8,44.36762829132462
55.8,34.9,44.36762829132462
55.8,35.0,44.36762829132462
55.8,35.1,41.983867952752554
55.8,35.2,41.01942688202533
55.8,35.3,40.9821153410207
55.8,35.4,40.77676593031399
55.8,35.5,40.82836812824306
55.8,35.6,40.82836812824306
55.8,35.7,40.76653945187731
55.8,35.8,40.62694797202188
55.8,35.9,40.662251509562545
55.8,36.1,40.421022559499576
55.8,36.3,40.33192467544966
55.8,36.4,39.461790550069736
55.8,36.5,38.172690944262655
55.8,36.6,37.68093209954065
55.8,36.7,34.920276215659406
55.8,36.8,33.442558293181555
55.8,37.0,30.24898860625119
55.9,34.0,37.20408616676403
55.9,34.1,38.27969817977227
55.9,34.2,41.52322571534411
55.9,34.3,42.050767897398046
55.9,34.4,43.22424053599485
55.9,34.5,44.95891772507772
55.9,34.7,45.22090912544927
55.9,34.8,45.62027960164511
55.9,34.9,45.62027960164511
55.9,35.0,45.62027960164511
55.9,35.1,42.69371883023461
55.9,35.2,41.72927775950738
55.9,35.3,41.691966218502756
55.9,35.4,41.48661680779605
55.9,35.5,41.53821900572512
55.9,35.6,41.53821900572512
55.9,35.7,41.53019192986301
55.9,35.8,41.39060045000758
55.9,35.9,41.425903987548246
55.9,36.0,41.425903987548246
55.9,36.1,41.28409940617506
55.9,36.2,40.98377747624178
55.9,36.3,40.98377747624178
55.9,36.4,40.11364335086185
55.9,36.5,38.82454374505477
55.9,36.6,38.07760675999076
55.9,36.9,32.15953885577753
56.0,34.0,37.618105626429575
56.0,34.1,38.693717639437814
56.0,34.3,42.46478735706358
56.0,34.4,43.8526867688988
56.0,34.5,45.58736395798167
56.0,34.6,45.74776055154326
56.0,34.7,45.74776055154326
56.0,35.1,43.2205702563286
56.0,35.2,42.4409231789515
56.0,35.3,42.403611637946874
56.0,35.4,42.198262227240164
56.0,35.6,42.249864425169235
56.0,35.9,42.225169601230185
56.0,36.0,42.225169601230185
56.0,36.1,42.225169601230185
56.0,36.2,41.9248476712969
56.0,36.4,41.09237440932343
56.0,36.5,39.80327480351635
56.0,36.6,39.05633781845234
56.0,36.9,33.34114907253539
56.1,34.0,37.618105626429575
56.1,34.1,38.693717639437814
56.1,34.2,41.93724517500966
56.1,34.3,42.46478735706358
56.1,34.4,43.8526867688988
56.1,34.5,45.58736395798167
56.1,34.7,45.74776055154326
56.1,34.8,46.1471310277391
56.1,34.9,46.1471310277391
56.1,35.0,46.1471310277391
56.1,35.1,43.2205702563286
56.1,35.3,42.403611637946874
56.1,35.6,42.28209616785212
56.1,35.9,42.458935338542595
56.1,36.0,42.458935338542595
56.1,36.2,42.15861340860931
56.1,36.4,41.326140146635844
56.1,36.5,40.03704054082876
56.1,36.7,37.30857481522381
56.1,36.8,35.58923167530531
56.1,36.9,33.77758087143398
56.1,37.0,31.9018888741249
56.2,34.0,36.906222513374836
56.2,34.1,37.98183452638309
56.2,34.2,41.22536206195493
56.2,34.3,41.75290424400885
56.2,34.5,44.87548084492694
56.2,34.6,45.03587743848853
56.2,34.7,45.03587743848853
56.2,34.8,45.43524791468437
56.2,34.9,45.43524791468437
56.2,35.0,45.43524791468437
56.2,35.1,42.889758897527145
56.2,35.2,42.110111820150046
56.2,35.3,42.07280027914542
56.2,35.4,41.89968261112159
56.2,35.5,41.95128480905066
56.2,35.6,41.95128480905066
56.2,35.7,42.030877927426374
56.2,35.8,42.09282044220048
56.2,36.0,42.12812397974114
56.2,36.1,42.12812397974114
56.2,36.2,41.82780204980786
56.2,36.3,41.82780204980786
56.2,36.4,40.99532878783439
56.2,36.5,39.70622918202731
56.2,36.7,37.52480798703405
56.2,36.8,35.80546484711555
56.2,36.9,34.75779972204575
56.2,37.0,33.18544875681094
56.3,34.2,40.970147947539196
56.3,34.4,42.88558954142834
56.3,34.5,44.62026673051121
56.3,34.6,44.7806633240728
56.3,34.7,44.7806633240728
56.3,34.8,45.18003380026864
56.3,35.0,45.18003380026864
56.3,35.1,42.634544783111416
56.3,35.2,41.85489770573432
56.3,35.3,41.81758616472969
56.3,35.4,41.64446849670586
56.3,35.5,41.69607069463493
56.3,35.6,41.69607069463493
56.3,35.8,41.87751253138066
56.3,35.9,41.91281606892132
56.3,36.0,41.91281606892132
56.3,36.1,41.91281606892132
56.3,36.4,41.080342806947854
56.3,36.5,39.79124320114077
56.3,36.6,39.24697227766295
56.3,36.8,35.89047886622902
56.3,37.0,33.27046277592441
56.4,34.1,37.55331790860641
56.4,34.2,40.79684544417825
56.4,34.3,41.32438762623217
56.4,34.4,42.712287038067394
56.4,34.6,44.607360820711854
56.4,34.7,44.607360820711854
56.4,34.8,45.006731296907695
56.4,34.9,45.006731296907695
56.4,35.1,42.244686604859154
56.4,35.2,41.465039527482055
56.4,35.3,41.42772798647743
56.4,35.4,41.2546103184536
56.4,35.6,41.30621251638267
56.4,35.7,41.385805634758384
56.4,35.8,41.74951348399855
56.4,35.9,41.78481702153921
56.4,36.0,41.825037479395036
56.4,36.1,41.825037479395036
56.4,36.3,41.825037479395036
56.4,36.5,39.85590316996866
56.4,36.6,39.31163224649084
56.4,36.8,36.042814644880394
56.4,36.9,34.995149519810596
56.4,37.0,33.422798554575785
56.5,34.0,36.83925896290723
56.5,34.1,37.91487097591548
56.5,34.2,41.15839851148732
56.5,34.3,41.68594069354124
56.5,34.5,44.34762322028666
56.5,34.6,44.50801981384824
56.5,34.7,44.50801981384824
56.5,34.8,44.907390290044084
56.5,35.0,44.907390290044084
56.5,35.1,42.145345597995544
56.5,35.3,41.32838697961382
56.5,35.5,41.20687150951906
56.5,35.7,41.28646462789477
56.5,35.8,41.71206614187696
56.5,35.9,41.74736967941762
56.5,36.0,41.78759013727345
56.5,36.2,41.78759013727345
56.5,36.3,41.78759013727345
56.5,36.4,40.95511687529998
56.5,36.5,39.87689907097696
56.5,36.6,39.332628147499136
56.5,36.7,37.73637563971743
56.5,36.8,36.10470830962242
56.5,36.9,35.05704318455262
56.5,37.0,33.48469221931781
56.6,34.0,36.07119462210906
56.6,34.1,37.14680663511731
56.6,34.2,40.108570820462
56.6,34.3,40.63611300251592
56.6,34.4,41.60542812096556
56.6,34.5,42.67545640660382
56.6,34.6,42.83585300016541
56.6,34.7,42.83585300016541
56.6,34.8,43.23522347636125
56.6,34.9,43.23522347636125
56.6,35.0,43.23522347636125
56.6,35.2,40.0835922844613
56.6,35.3,40.04628074345667
56.6,35.4,39.87316307543284
56.6,35.5,39.92476527336191
56.6,35.6,39.92476527336191
56.6,35.8,40.42995990571981
56.6,35.9,40.465263443260476
56.6,36.0,40.5054839011163
56.6,36.1,40.5054839011163
56.6,36.2,40.5054839011163
56.6,36.3,40.5054839011163
56.6,36.4,39.67301063914283
56.6,36.6,39.006253356958325
56.6,36.7,37.51579993640075
56.6,36.8,36.21294109962359
56.6,36.9,35.16527597455379
56.6,37.0,33.628633618917625
56.7,34.0,35.691052320291725
56.7,34.1,36.76666433329997
56.7,34.2,39.72842851864466
56.7,34.3,40.25597070069858
56.7,34.4,41.01085904590981
56.7,34.5,42.08088733154807
56.7,34.6,42.241283925109656
56.7,34.7,42.241283925109656
56.7,34.8,42.6406544013055
56.7,34.9,42.6406544013055
56.7,35.0,42.6406544013055
56.7,35.1,39.74600035492723
56.7,35.2,39.14915819599739
56.7,35.3,39.11184665499276
56.7,35.4,39.27859400037709
56.7,35.5,39.33019619830616
56.7,35.6,39.33019619830616
56.7,35.7,39.409789316681874
56.7,35.8,40.096014121393935
56.7,35.9,40.1313176589346
56.7,36.0,40.21877435149509
56.7,36.1,40.21877435149509
56.7,36.2,40.21877435149509
56.7,36.3,40.21877435149509
56.7,36.5,39.178079807745185
56.7,36.6,39.05193467115179
56.7,36.7,37.47161566278808
56.7,36.8,36.16875682601093
56.7,36.9,35.12109170094113
56.7,37.0,33.58444934530496
56.8,34.0,36.183537783638094
56.8,34.1,36.3263946697946
56.8,34.2,37.114657117562935
56.8,34.3,37.64219929961687
56.8,34.4,38.17323845669584
56.8,34.5,39.24326674233409
56.8,34.6,39.24326674233409
56.8,34.7,39.24326674233409
56.8,34.8,39.642637218529934
56.8,34.9,39.642637218529934
56.8,35.0,39.642637218529934
56.8,35.1,37.102229050544565
56.8,35.2,36.68231041904814
56.8,35.4,36.83049824738492
56.8,35.5,36.88210044531399
56.8,35.6,36.88210044531399
56.8,35.7,36.9616935636897
56.8,35.8,37.756647065916155
56.8,35.9,37.79195060345682
56.8,36.1,38.082164653561534
56.8,36.2,38.082164653561534
56.8,36.3,38.082164653561534
56.8,36.4,37.249691391588065
56.8,36.5,37.21214758337668
56.8,36.6,37.08600244678328
56.8,36.7,36.606719716179484
56.8,37.0,33.37536192003783
56.9,34.0,35.732779163590635
56.9,34.1,35.87563604974714
56.9,34.3,37.19144067956941
56.9,34.4,37.72247983664838
56.9,34.5,37.86639398600099
56.9,34.6,37.86639398600099
56.9,34.7,37.86639398600099
56.9,34.8,38.265764462196834
56.9,34.9,38.265764462196834
56.9,35.0,38.265764462196834
56.9,35.1,36.651470430497106
56.9,35.2,36.231551799000684
56.9,35.3,36.19424025799606
56.9,35.4,36.37973962733746
56.9,35.5,36.43134182526653
56.9,35.7,36.51093494364224
56.9,35.8,37.305888445868696
56.9,35.9,37.34119198340936
56.9,36.0,37.631406033514075
56.9,36.1,37.631406033514075
56.9,36.2,37.691962134002395
56.9,36.3,37.691962134002395
56.9,36.4,36.859488872028926
56.9,36.6,36.88090067566157
56.9,36.9,35.094925724637015
56.9,37.0,33.55828336900085
57.0,34.1,34.427563690093855
57.0,34.3,35.74336831991612
57.0,34.4,36.274407476995094
57.0,34.5,36.2026235681036
57.0,34.6,36.2026235681036
57.0,34.7,36.2026235681036
57.0,34.8,36.60199404429944
57.0,34.9,36.60199404429944
57.0,35.0,36.60199404429944
57.0,35.1,34.98770001259971
57.0,35.4,34.71596920944006
57.0,35.5,34.76757140736913
57.0,35.6,34.76757140736913
57.0,35.7,34.847164525744844
57.0,35.8,35.6421180279713
57.0,35.9,35.67742156551196
57.0,36.0,35.96763561561668
57.0,36.1,35.96763561561668
57.0,36.2,36.028191716105
57.0,36.3,36.028191716105
57.0,36.4,35.72051368185625
57.0,36.5,35.868070622082286
57.0,36.7,35.29642691359741
57.0,36.8,34.62350182370258
57.0,37.0,32.41930817882817
57.1,34.1,34.400689420929886
57.1,34.2,35.18895186869822
57.1,34.3,35.716494050752154
57.1,34.4,36.247533207831125
57.1,34.6,36.17574929893963
57.1,34.8,36.57511977513547
57.1,34.9,36.57511977513547
57.1,35.0,36.57511977513547
57.1,35.1,34.98770001259971
57.1,35.2,34.56778138110329
57.1,35.3,34.53046984009866
57.1,35.4,34.71596920944006
57.1,35.5,34.76757140736913
57.1,35.6,34.76757140736913
57.1,35.7,34.847164525744844
57.1,35.8,35.6421180279713
57.1,35.9,35.67742156551196
57.1,36.0,35.96763561561668
57.1,36.1,35.96763561561668
57.1,36.4,35.72051368185625
57.1,36.5,35.868070622082286
57.1,36.6,35.74192548548889
57.1,36.8,34.62350182370258
57.1,36.9,33.955950534464336
57.1,37.0,32.41930817882817
57.2,34.0,32.70904437841633
57.2,34.1,32.82502699540887
57.2,34.2,33.6132894431772
57.2,34.3,34.14083162523112
57.2,34.4,34.671870782310094
57.2,34.5,34.600086873418604
57.2,34.6,34.600086873418604
57.2,34.8,34.999457349614445
57.2,34.9,34.999457349614445
57.2,35.0,34.999457349614445
57.2,35.1,33.412037587078686
57.2,35.2,32.992118955582264
57.2,35.3,32.95480741457764
57.2,35.4,33.14030678391904
57.2,35.5,33.19190898184811
57.2,35.6,33.19190898184811
57.2,35.7,33.27150210022382
57.2,35.8,34.294334284575655
57.2,35.9,34.32963782211632
57.2,36.0,35.07947391485692
57.2,36.1,35.07947391485692
57.2,36.2,35.14003001534524
57.2,36.3,35.14003001534524
57.2,36.4,35.14003001534524
57.2,36.6,35.161441818977885
57.2,36.7,34.7159432470864
57.2,36.9,33.37546686795333
57.3,34.0,31.533653444212487
57.3,34.1,31.649636061205026
57.3,34.2,32.43789850897334
57.3,34.3,32.718658414552415
57.3,34.4,32.96246020340469
57.3,34.5,32.8906762945132
57.3,34.6,32.8906762945132
57.3,34.7,32.84796833260641
57.3,34.8,33.247338808802255
57.3,34.9,33.247338808802255
57.3,35.0,33.247338808802255
57.3,35.1,31.659919046266495
57.3,35.2,31.240000414770066
57.3,35.4,31.38818824310682
57.3,35.5,31.439790441035896
57.3,35.6,31.439790441035896
57.3,35.7,31.519383559411608
57.3,35.8,32.6339276879808
57.3,35.9,32.669231225521465
57.3,36.0,33.91991713745592
57.3,36.1,34.14535253483019
57.3,36.2,34.20590863531851
57.3,36.3,34.20590863531851
57.3,36.4,34.20590863531851
57.3,36.5,34.35346557554455
57.3,36.9,32.967963673310024
57.3,37.0,31.43132131767383
57.4,34.0,31.284806461510946
57.4,34.1,31.40078907850349
57.4,34.2,32.1890515262718
57.4,34.3,32.46981143185087
57.4,34.4,32.46981143185087
57.4,34.7,32.31043438706668
57.4,34.8,32.70980486326252
57.4,34.9,32.70980486326252
57.4,35.0,32.70980486326252
57.4,35.1,31.122385100726767
57.4,35.2,30.5739018459287
57.4,35.4,30.759401215270085
57.4,35.5,30.811003413199153
57.4,35.8,32.00514066014406
57.4,35.9,32.04044419768472
57.4,36.2,33.57712160748176
57.4,36.3,33.57712160748176
57.4,36.5,33.724678547707796
57.4,36.6,33.659394402771355
57.4,36.7,33.49605297657784
57.4,36.9,32.33917664547327
57.4,37.0,31.629773820147765
57.5,34.0,31.284806461510946
57.5,34.1,31.40078907850349
57.5,34.2,32.1890515262718
57.5,34.3,32.46981143185087
57.5,34.4,32.46981143185087
57.5,34.5,32.39802752295938
57.5,34.6,32.39802752295938
57.5,34.7,32.31043438706668
57.5,34.8,32.70980486326252
57.5,35.0,32.70980486326252
57.5,35.2,30.5739018459287
57.5,35.3,30.5739018459287
57.5,35.4,30.759401215270085
57.5,35.5,30.811003413199153
57.5,35.6,30.811003413199153
57.5,35.7,30.89059653157487
57.5,35.8,32.00514066014406
57.5,35.9,32.04044419768472
57.5,36.1,33.51656550699344
57.5,36.3,33.57712160748176
57.5,36.4,33.57712160748176
57.5,36.5,33.724678547707796
57.5,36.6,33.659394402771355
57.5,36.8,32.973698073348054
57.5,36.9,32.33917664547327
57.6,34.0,31.284806461510946
57.6,34.1,31.40078907850349
57.6,34.2,32.1890515262718
57.6,34.3,32.46981143185087
57.6,34.5,32.39802752295938
57.6,34.6,32.39802752295938
57.6,34.7,32.31043438706668
57.6,34.8,32.70980486326252
57.6,34.9,32.70980486326252
57.6,35.0,32.70980486326252
57.6,35.1,31.122385100726767
57.6,35.2,30.5739018459287
57.6,35.3,30.5739018459287
57.6,35.4,30.759401215270085
57.6,35.6,30.811003413199153
57.6,35.7,30.89059653157487
57.6,35.8,32.00514066014406
57.6,36.0,33.29113010961917
57.6,36.1,33.51656550699344
57.6,36.2,33.57712160748176
57.6,36.3,33.57712160748176
57.6,36.5,33.724678547707796
57.6,36.6,33.659394402771355
57.6,36.7,33.49605297657784
57.6,36.8,32.973698073348054
57.6,36.9,32.33917664547327
57.6,37.0,31.629773820147765
57.7,34.0,31.284806461510946
57.7,34.1,31.40078907850349
57.7,34.2,32.1890515262718
57.7,34.3,32.46981143185087
57.7,34.4,32.46981143185087
57.7,34.5,32.39802752295938
57.7,34.6,32.39802752295938
57.7,34.8,32.70980486326252
57.7,34.9,32.70980486326252
57.7,35.0,32.70980486326252
57.7,35.1,31.122385100726767
57.7,35.3,30.5739018459287
57.7,35.4,30.759401215270085
57.7,35.5,30.811003413199153
57.7,35.6,30.811003413199153
57.7,35.7,30.89059653157487
57.7,35.8,32.00514066014406
57.7,35.9,32.04044419768472
57.7,36.0,33.29113010961917
57.7,36.1,33.51656550699344
57.7,36.2,33.57712160748176
57.7,36.3,33.57712160748176
57.7,36.4,33.57712160748176
57.7,36.5,33.724678547707796
57.7,36.6,33.659394402771355
57.7,36.7,33.49605297657784
57.7,36.8,32.973698073348054
57.7,37.0,31.752324105087755
57.8,34.0,31.284806461510946
57.8,34.1,31.40078907850349
57.8,34.3,32.46981143185087
57.8,34.4,32.46981143185087
57.8,34.5,32.39802752295938
57.8,34.6,32.39802752295938
57.8,34.8,32.70980486326252
57.8,34.9,32.70980486326252
57.8,35.0,32.70980486326252
57.8,35.1,31.122385100726767
57.8,35.3,30.5739018459287
57.8,35.5,30.811003413199153
57.8,35.6,30.811003413199153
57.8,35.7,30.89059653157487
57.8,35.8,32.00514066014406
57.8,35.9,32.04044419768472
57.8,36.0,33.29113010961917
57.8,36.1,33.51656550699344
57.8,36.2,33.57712160748176
57.8,36.3,33.57712160748176
57.8,36.4,33.57712160748176
57.8,36.5,33.724678547707796
57.8,36.7,33.49605297657784
57.8,36.8,32.973698073348054
57.8,36.9,32.41206053619768
57.8,37.0,31.78502418099176
57.9,34.0,31.665220873328533
57.9,34.1,31.78120349032108
57.9,34.2,32.56946593808939
57.9,34.3,32.85022584366846
57.9,34.4,32.85022584366846
57.9,34.5,32.77844193477697
57.9,34.6,32.77844193477697
57.9,34.7,32.69084879888427
57.9,34.8,33.09021927508011
57.9,35.0,33.09021927508011
57.9,35.1,31.502799512544357
57.9,35.3,30.954316257746285
57.9,35.4,31.13981562708767
57.9,35.6,31.19141782501674
57.9,35.8,32.38555507196164
57.9,35.9,32.420858609502304
57.9,36.0,33.67154452143676
57.9,36.1,33.89697991881103
57.9,36.2,33.95753601929935
57.9,36.3,33.95753601929935
57.9,36.4,33.95753601929935
57.9,36.5,34.105092959525386
57.9,36.7,33.87646738839543
58.0,34.0,32.46965476156381
58.0,34.1,32.58563737855635
58.0,34.2,33.37389982632468
58.0,34.3,33.654659731903756
58.0,34.4,33.654659731903756
58.0,34.5,33.59865304128441
58.0,34.6,33.59865304128441
58.0,34.8,33.910430381587545
58.0,34.9,33.910430381587545
58.0,35.1,32.323010619051786
58.0,35.3,31.946267032137403
58.0,35.4,32.1317664014788
58.0,35.6,32.18336859940787
58.0,35.8,33.377505846352754
58.0,35.9,33.41280938389342
58.0,36.0,34.66349529582787
58.0,36.1,34.88893069320214
58.0,36.3,34.94948679369046
58.0,36.5,34.87168849872605
58.0,36.6,34.80640435378961
58.0,36.8,34.01015517750215
58.0,36.9,33.448517640351774
58.0,37.0,32.743734044421366
58.1,34.0,33.95891071027037
58.1,34.1,34.074893327262906
58.1,34.2,34.86315577503124
58.1,34.3,35.14391568061031
58.1,34.4,35.14391568061031
58.1,34.5,35.08790898999097
58.1,34.7,35.00031585409827
58.1,34.8,35.39968633029411
58.1,34.9,35.39968633029411
58.1,35.0,35.39968633029411
58.1,35.2,33.43552298084396
58.1,35.3,33.43552298084396
58.1,35.4,33.62102235018536
58.1,35.5,33.672624548114435
58.1,35.6,33.672624548114435
58.1,35.7,33.75221766649015
58.1,35.8,34.86676179505932
58.1,35.9,34.90206533259998
58.1,36.1,36.152751244534436
58.1,36.3,36.213307345022756
58.1,36.4,36.213307345022756
58.1,36.6,36.00578942160933
58.1,36.7,35.73189514855166
58.1,36.9,34.6174137232729
58.1,37.0,33.912630127342474
58.2,34.0,35.389923882197394
58.2,34.1,35.50590649918993
58.2,34.3,36.57492885253734
58.2,34.4,36.57492885253734
58.2,34.5,36.518922161918
58.2,34.6,36.518922161918
58.2,34.7,36.431329026025296
58.2,34.8,36.83069950222114
58.2,34.9,36.83069950222114
58.2,35.0,36.83069950222114
58.2,35.1,35.24327973968538
58.2,35.2,34.795372765468095
58.2,35.3,34.795372765468095
58.2,35.4,34.980872134809495
58.2,35.5,35.032474332738566
58.2,35.6,35.032474332738566
58.2,35.7,35.11206745111428
58.2,35.8,36.22661157968345
58.2,35.9,36.26191511722411
58.2,36.0,37.08972489423414
58.2,36.1,37.08972489423414
58.2,36.3,37.15028099472246
58.2,36.5,36.90544647949404
58.2,36.6,36.8401623345576
58.2,36.7,36.566268061499926
58.2,36.9,35.33864945443876
58.2,37.0,34.63386585850834
58.3,34.0,36.55864767668368
58.3,34.1,36.674630293676216
58.3,34.2,37.46289274144455
58.3,34.4,37.74365264702362
58.3,34.6,37.68764595640428
58.3,34.7,37.60005282051158
58.3,35.0,37.99942329670742
58.3,35.1,36.41200353417166
58.3,35.3,35.96409655995438
58.3,35.5,36.20119812722485
58.3,35.6,36.20119812722485
58.3,35.7,36.28079124560056
58.3,35.9,37.430638911710396
58.3,36.0,37.51809560427089
58.3,36.2,37.57865170475921
58.3,36.3,37.57865170475921
58.3,36.5,37.333817189530784
58.3,36.6,37.26853304459434
58.3,36.7,36.466474644078446
58.3,36.8,35.80049357416764
58.3,36.9,35.23885603701728
58.3,37.0,34.27915890016626
58.4,34.1,38.101106479801565
58.4,34.2,38.8893689275699
58.4,34.4,39.17012883314897
58.4,34.5,39.163845733944335
58.4,34.6,39.163845733944335
58.4,34.8,39.47562307424747
58.4,34.9,39.5646427663917
58.4,35.0,39.5646427663917
58.4,35.1,37.97722300385594
58.4,35.3,37.52931602963866
58.4,35.5,37.76641759690913
58.4,35.6,37.76641759690913
58.4,35.7,37.63715289811596
58.4,35.8,38.20381918566386
58.4,35.9,38.239122723204524
58.4,36.0,38.32657941576502
58.4,36.1,38.234057107661194
58.4,36.2,38.294613208149514
58.4,36.4,38.294613208149514
58.4,36.5,37.797284133729484
58.4,36.6,37.431270689875966
58.4,36.8,35.92078500257848
58.4,36.9,35.14806216208107
58.4,37.0,34.18836502523006
58.5,34.0,38.42438847145274
58.5,34.1,38.540371088445276
58.5,34.2,39.32863353621361
58.5,34.3,39.60939344179268
58.5,34.4,39.72580850048234
58.5,34.5,39.7195254012777
58.5,34.6,39.7195254012777
58.5,34.8,40.03130274158084
58.5,34.9,40.120322433725065
58.5,35.0,40.120322433725065
58.5,35.1,39.10499362577754
58.5,35.4,38.842586020901656
58.5,35.6,38.89418821883073
58.5,35.7,38.60248229800241
58.5,35.8,38.83867463389108
58.5,35.9,38.873978171431744
58.5,36.0,38.834675867292184
58.5,36.1,38.74215355918836
58.5,36.2,38.80270965967668
58.5,36.3,38.80270965967668
58.5,36.4,38.80270965967668
58.5,36.5,37.94353503848472
58.5,36.6,37.5775215946312
58.5,36.7,36.7330169772445
58.5,36.8,36.06703590733371
58.5,36.9,35.37711604170236
58.6,34.0,39.77407159310552
58.6,34.2,40.94259596235434
58.6,34.4,41.33977092662307
58.6,34.5,41.33348782741843
58.6,34.6,41.33348782741843
58.6,34.7,41.24589469152573
58.6,34.8,41.64526516772157
58.6,34.9,41.734284859865795
58.6,35.0,41.734284859865795
58.6,35.1,40.771746345949026
58.6,35.4,40.509338741073144
58.6,35.5,40.560940939002215
58.6,35.6,40.560940939002215
58.6,35.7,40.269235018173895
58.6,35.9,40.54073089160323
58.6,36.1,40.20825514657628
58.6,36.3,40.2688112470646
58.6,36.4,40.2688112470646
58.6,36.5,39.40963662587263
58.6,36.6,38.21182164368161
58.6,36.8,36.741227845128485
58.6,37.0,34.45055962601614
58.7,34.0,41.40291900647928
58.7,34.1,41.51890162347182
58.7,34.2,42.5714433757281
58.7,34.3,42.852203281307176
58.7,34.5,42.962335240792186
58.7,34.7,42.996318861303756
58.7,34.8,43.3956893374996
58.7,34.9,43.484709029643824
58.7,35.0,43.484709029643824
58.7,35.1,42.522170515727055
58.7,35.2,42.07426354150977
58.7,35.3,42.07426354150977
58.7,35.5,42.311365108780244
58.7,35.6,42.311365108780244
58.7,35.7,42.01965918795192
58.7,35.9,42.29115506138126
58.7,36.0,41.97539996969196
58.7,36.1,41.79339328880598
58.7,36.2,41.8539493892943
58.7,36.3,41.8539493892943
58.7,36.4,40.44188636739819
58.7,36.5,39.58271174620622
58.7,36.7,37.580284035372884
58.7,36.8,37.050543198997566
58.7,37.0,34.454780436584805
58.8,34.0,41.829170994564194
58.8,34.1,42.339141614206454
58.8,34.2,43.391683366462736
58.8,34.3,43.67244327204181
58.8,34.4,43.78885833073145
58.8,34.6,43.78257523152682
58.8,34.7,43.81655885203839
58.8,34.8,44.21592932823423
58.8,34.9,44.30494902037846
58.8,35.0,44.30494902037846
58.8,35.1,43.34241050646169
58.8,35.2,42.89450353224441
58.8,35.3,42.89450353224441
58.8,35.4,43.08000290158581
58.8,35.5,43.13160509951488
58.8,35.7,42.83989917868656
58.8,35.9,43.111395052115896
58.8,36.0,42.56235456638594
58.8,36.2,42.44090398598828
58.8,36.3,42.44090398598828
58.8,36.4,41.02884096409217
58.8,36.5,40.16966634290021
58.8,36.6,38.971851360709174
58.8,36.7,38.167238632066855
58.8,36.8,37.812784865540856
58.8,36.9,36.361184684804165
58.8,37.0,34.6678967921655
58.9,34.0,42.25566398753095
58.9,34.1,42.76563460717321
58.9,34.2,43.513352018370774
58.9,34.3,43.513352018370774
58.9,34.4,43.87757649099985
58.9,34.5,43.87129339179522
58.9,34.7,43.90527701230679
58.9,34.8,44.30464748850263
58.9,34.9,44.39366718064686
58.9,35.0,44.39366718064686
58.9,35.2,43.358134738952586
58.9,35.4,43.543634108293986
58.9,35.6,43.59523630622306
58.9,35.7,43.30353038539474
58.9,35.9,43.575026258824074
58.9,36.1,42.72020680785461
58.9,36.2,42.78076290834293
58.9,36.3,42.78076290834293
58.9,36.4,41.36869988644682
58.9,36.5,40.35334763641509
58.9,36.6,39.155532654224054
58.9,36.7,38.350919925581735
58.9,36.8,37.996466159055736
58.9,36.9,36.544865978319045
59.0,34.2,43.583934744832405
59.0,34.3,43.583934744832405
59.0,34.4,43.94815921746148
59.0,34.6,44.05053599043163
59.0,34.8,44.48389008713904
59.0,34.9,44.572909779283265
59.0,35.1,43.75421095084524
59.0,35.2,43.60622733600601
59.0,35.3,43.60622733600601
59.0,35.4,43.79172670534741
59.0,35.7,43.46462415166325
59.0,35.8,43.60910454333459
59.0,35.9,43.64440808087525
59.0,36.1,42.789588629905786
59.0,36.3,42.850144730394106
59.0,36.5,41.1542745558171
59.0,36.6,39.956459573626084
59.0,36.8,38.79739307845775
59.0,36.9,37.34579289772106
59.0,37.0,35.49909497239418
59.1,34.0,42.47723236276871
59.1,34.1,42.98720298241097
59.1,34.3,43.73492039360853
59.1,34.4,44.09914486623761
59.1,34.5,44.20152163920775
59.1,34.6,44.20152163920775
59.1,34.7,44.23550525971932
59.1,34.8,44.63487573591516
59.1,34.9,44.723895428059386
59.1,35.0,44.723895428059386
59.1,35.1,43.90519659962136
59.1,35.2,43.75721298478213
59.1,35.3,43.75721298478213
59.1,35.4,43.94271235412353
59.1,35.5,43.9943145520526
59.1,35.6,43.9943145520526
59.1,35.7,43.61560980043937
59.1,35.8,43.76009019211071
59.1,35.9,43.79539372965137
59.1,36.0,43.12258095956789
59.1,36.1,42.789588629905786
59.1,36.2,42.850144730394106
59.1,36.3,42.850144730394106
59.1,36.4,42.217039840171424
59.1,36.7,40.19622213790552
59.1,36.8,39.84176837137952
59.1,36.9,38.39016819064283
59.1,37.0,36.54347026531595
59.2,34.0,43.26470459789136
59.2,34.1,43.77467521753362
59.2,34.2,44.52239262873118
59.2,34.3,44.52239262873118
59.2,34.5,44.9889938743304
59.2,34.6,44.9889938743304
59.2,34.7,45.02297749484197
59.2,34.8,45.42234797103781
59.2,34.9,45.511367663182035
59.2,35.0,45.511367663182035
59.2,35.1,44.69266883474401
59.2,35.2,44.54468521990478
59.2,35.3,44.54468521990478
59.2,35.4,44.73018458924618
59.2,35.5,44.78178678717525
59.2,35.6,44.78178678717525
59.2,35.7,44.44574378487374
59.2,35.9,44.62552771408574
59.2,36.0,43.710067255503574
59.2,36.1,43.21196547897399
59.2,36.2,43.27252157946231
59.2,36.5,41.57837117039575
59.2,36.6,41.02699472750847
59.2,36.7,40.75054612632438
59.2,36.8,40.39609235979838
59.2,36.9,38.94449217906169
59.2,37.0,37.09779425373481
59.3,34.0,44.335380846135685
59.3,34.1,44.845351465777945
59.3,34.2,45.59306887697551
59.3,34.3,45.59306887697551
59.3,34.4,45.95729334960458
59.3,34.5,46.05967012257472
59.3,34.6,46.05967012257472
59.3,34.8,46.493024219282134
59.3,35.0,46.58204391142636
59.3,35.1,45.76334508298834
59.3,35.2,45.6153614681491
59.3,35.3,45.6153614681491
59.3,35.4,45.800860837490504
59.3,35.5,45.852463035419575
59.3,35.6,45.852463035419575
59.3,35.7,45.51642003311807
59.3,35.8,45.6609004247894
59.3,36.0,44.7807435037479
59.3,36.1,44.28264172721831
59.3,36.2,44.34319782770663
59.3,36.3,43.94698083959906
59.3,36.5,42.03342296604422
59.3,36.7,40.75054612632438
59.3,36.8,40.39609235979838
59.3,36.9,38.94449217906169
59.3,37.0,37.09779425373481
59.4,34.0,44.52349749577832
59.4,34.4,46.14540999924722
59.4,34.5,46.24778677221737
59.4,34.6,46.24778677221737
59.4,34.9,46.770160561069005
59.4,35.0,46.770160561069005
59.4,35.1,46.0195544326562
59.4,35.2,45.93375907245242
59.4,35.3,45.93375907245242
59.4,35.4,46.11925844179382
59.4,35.5,46.17086063972289
59.4,35.7,45.83481763742138
59.4,35.8,45.97929802909272
59.4,35.9,46.01460156663338
59.4,36.1,44.601039331521626
59.4,36.2,44.661595432009946
59.4,36.3,44.26537844390237
59.4,36.4,43.016649101083836
59.4,36.5,42.1637039207049
59.4,36.6,41.157275682169136
59.4,36.7,40.88082708098506
59.4,36.8,40.52637331445904
59.4,36.9,39.07477313372235
59.4,37.0,37.228075208395474
59.5,34.0,44.77941705393297
59.5,34.1,45.28938767357523
59.5,34.2,46.03710508477279
59.5,34.3,46.03710508477279
59.5,34.4,46.401329557401866
59.5,34.5,46.50370633037201
59.5,34.6,46.50370633037201
59.5,34.8,46.93706042707942
59.5,34.9,47.02608011922365
59.5,35.0,47.02608011922365
59.5,35.1,46.275473990810845
59.5,35.2,46.18967863060706
59.5,35.3,46.18967863060706
59.5,35.4,46.37517799994846
59.5,35.5,46.426780197877534
59.5,35.6,46.426780197877534
59.5,35.7,46.090737195576025
59.5,35.8,46.23521758724736
59.5,36.0,45.099141108051214
59.5,36.1,44.601039331521626
59.5,36.2,44.661595432009946
59.5,36.4,43.016649101083836
59.5,36.5,42.1637039207049
59.5,36.7,40.88082708098506
59.5,36.8,40.52637331445904
59.5,36.9,39.07477313372235
59.5,37.0,37.228075208395474
59.6,34.0,45.184295687224925
59.6,34.1,45.694266306867185
59.6,34.2,46.44198371806473
59.6,34.3,46.47032401092858
59.6,34.4,46.834548483557654
59.6,34.5,46.9369252565278
59.6,34.6,47.548719316645766
59.6,34.8,47.98207341335318
59.6,34.9,48.071093105497404
59.6,35.1,47.3204869770846
59.6,35.2,47.234691616880816
59.6,35.4,47.42019098622222
59.6,35.5,47.47179318415129
59.6,35.6,47.245112614056154
59.6,35.8,47.05355000342598
59.6,35.9,47.088853540966646
59.6,36.0,45.917473524229834
59.6,36.1,45.41937174770025
59.6,36.2,45.47992784818857
59.6,36.3,45.08371086008099
59.6,36.4,43.62579839113225
59.6,36.6,41.6155192318711
59.6,36.7,41.339070630687004
59.6,36.8,41.0977540459434
59.6,36.9,39.646153865206706
59.6,37.0,37.79945593987983
59.7,34.0,44.98608926835256
59.7,34.2,46.22193751521477
59.7,34.4,46.663363790713966
59.7,34.5,46.76574056368411
59.7,34.6,47.97177247239375
59.7,34.7,48.093349228798026
59.7,34.9,48.581739397138094
59.7,35.0,48.581739397138094
59.7,35.3,47.97740463321025
59.7,35.4,47.82484558158203
59.7,35.5,47.82484558158203
59.7,35.7,47.034859236027536
59.7,35.8,47.17933962769887
59.7,36.0,46.043263148502724
59.7,36.1,45.54516137197314
59.7,36.2,45.60571747246146
59.7,36.3,45.20950048435388
59.7,36.4,43.75158801540514
59.7,36.5,42.91393735616738
59.7,36.6,41.74130885614399
59.7,36.7,41.464860254959895
59.7,36.8,41.22354367021629
59.7,36.9,39.7719434894796
59.8,34.0,44.98608926835256
59.8,34.1,45.47422010401722
59.8,34.5,46.76574056368411
59.8,34.6,47.97177247239375
59.8,34.7,48.093349228798026
59.8,34.8,48.49271970499387
59.8,34.9,48.581739397138094
59.8,35.0,48.581739397138094
59.8,35.1,48.06319999341403
59.8,35.2,47.97740463321025
59.8,35.3,47.97740463321025
59.8,35.4,47.82484558158203
59.8,35.5,47.82484558158203
59.8,35.6,47.370902238329045
59.8,35.7,47.034859236027536
59.8,35.8,47.17933962769887
59.8,36.0,46.043263148502724
59.8,36.1,45.54516137197314
59.8,36.2,45.60571747246146
59.8,36.3,45.20950048435388
59.8,36.4,43.75158801540514
59.8,36.5,42.91393735616738
59.8,36.6,41.74130885614399
59.8,36.7,41.464860254959895
59.8,36.8,41.22354367021629
59.8,36.9,39.7719434894796
59.8,37.0,37.879683598149484
59.9,34.0,45.093739509624044
59.9,34.1,45.581870345288706
59.9,34.5,46.8733908049556
59.9,34.6,48.33603687552667
59.9,34.8,48.85698410812679
59.9,35.0,48.946003800271015
59.9,35.1,48.42746439654695
59.9,35.2,48.34166903634317
59.9,35.3,48.34166903634317
59.9,35.5,48.18910998471495
59.9,35.6,47.735166641461966
59.9,35.7,47.39912363916046
59.9,35.8,47.543604030831794
59.9,35.9,47.46322459414192
59.9,36.0,46.29184457740511
59.9,36.1,45.79374280087552
59.9,36.3,45.458081913256265
59.9,36.4,43.89204578451512
59.9,36.6,41.975810278128534
59.9,36.7,41.699361676944456
59.9,36.8,41.245583729526004
59.9,37.0,37.94582663197056
60.0,34.0,45.055606276048294
60.0,34.1,45.54373711171296
60.0,34.3,46.344484220872395
60.0,34.4,46.7328807984097
60.0,34.5,46.83525757137985
60.0,34.6,48.39441115006378
60.0,34.7,48.515987906468055
60.0,34.8,48.9153583826639
60.0,35.0,49.00437807480812
60.0,35.1,48.48583867108406
60.0,35.2,48.40004331088028
60.0,35.3,48.40004331088028
60.0,35.4,48.24748425925206
60.0,35.6,47.793540915999074
60.0,35.7,47.457497913697566
60.0,35.8,47.6019783053689
60.0,35.9,47.52159886867903
60.0,36.0,46.350218851942216
60.0,36.1,45.85211707541263
60.0,36.2,45.91267317590095
60.0,36.3,45.51645618779337
60.0,36.4,43.95042005905223
60.0,36.5,43.206813052689036
60.0,36.6,42.03418455266564
60.0,36.9,39.79398354878931
60.0,37.0,37.94582663197056
